Count_GFP_objects,ExecutionTime_01Images,ExecutionTime_02Metadata,ExecutionTime_03NamesAndTypes,ExecutionTime_04Groups,ExecutionTime_05IdentifyPrimaryObjects,ExecutionTime_06MeasureObjectIntensity,ExecutionTime_07MeasureImageIntensity,FileName_GFP,Frame_GFP,Group_Index,Group_Number,Height_GFP,ImageNumber,Intensity_LowerQuartileIntensity_GFP_GFP_objects,Intensity_MADIntensity_GFP_GFP_objects,Intensity_MaxIntensity_GFP_GFP_objects,Intensity_MeanIntensity_GFP_GFP_objects,Intensity_MedianIntensity_GFP_GFP_objects,Intensity_MinIntensity_GFP_GFP_objects,Intensity_PercentMaximal_GFP_GFP_objects,Intensity_StdIntensity_GFP_GFP_objects,Intensity_TotalArea_GFP_GFP_objects,Intensity_TotalIntensity_GFP_GFP_objects,Intensity_UpperQuartileIntensity_GFP_GFP_objects,MD5Digest_GFP,ModuleError_01Images,ModuleError_02Metadata,ModuleError_03NamesAndTypes,ModuleError_04Groups,ModuleError_05IdentifyPrimaryObjects,ModuleError_06MeasureObjectIntensity,ModuleError_07MeasureImageIntensity,PathName_GFP,Scaling_GFP,Series_GFP,Threshold_FinalThreshold_GFP_objects,Threshold_OrigThreshold_GFP_objects,Threshold_SumOfEntropies_GFP_objects,Threshold_WeightedVariance_GFP_objects,URL_GFP,Width_GFP
1034,0,0,0.35,0,2.96,0.14,0.02,MFGTMP_210724100003_M04f00d0.PNG,0,13,1,1104,13,0.111512929,0.034088656,0.24856947,0.152341025,0.14048982,0.081040666,0.174582798,0.04888849,58425,8900.524,0.185259789,fc186251d6eb6280a3683e870e0feb77,0,0,0,0,0,0,0,/Volumes/research/wangj59lab/wangj59labspace/Jasper/CX7/210723/MHCII + FcFGL1deltaCC polylysine/24h/TargetActivationAdvanced.V4.1_07-24-21_10;32;47,65535,0,0.09200597,0.074957272,-13.38934283,0.080423675,file:/Volumes/research/wangj59lab/wangj59labspace/Jasper/CX7/210723/MHCII%20%2B%20FcFGL1deltaCC%20polylysine/24h/TargetActivationAdvanced.V4.1_07-24-21_10%3B32%3B47/MFGTMP_210724100003_M04f00d0.PNG,1104
1160,0,0,0.18,0,3.11,0.17,0.01,MFGTMP_210724100003_M04f01d0.PNG,0,14,1,1104,14,0.11433585,0.036789507,0.24856947,0.156921804,0.1457084,0.083665214,0.975890652,0.050006993,65991,10355.427,0.193949804,119b28a53cdd513b41c204667f96d438,0,0,0,0,0,0,0,/Volumes/research/wangj59lab/wangj59labspace/Jasper/CX7/210723/MHCII + FcFGL1deltaCC polylysine/24h/TargetActivationAdvanced.V4.1_07-24-21_10;32;47,65535,0,0.09475388,0.076261412,-13.50266671,0.089896847,file:/Volumes/research/wangj59lab/wangj59labspace/Jasper/CX7/210723/MHCII%20%2B%20FcFGL1deltaCC%20polylysine/24h/TargetActivationAdvanced.V4.1_07-24-21_10%3B32%3B47/MFGTMP_210724100003_M04f01d0.PNG,1104
1110,0,0,0.24,0,3.07,0.15,0.01,MFGTMP_210724100003_M04f02d0.PNG,0,15,1,1104,15,0.103746086,0.027649343,0.24856947,0.141227279,0.12712291,0.0767071,1.222781185,0.047313966,54466,7692.085,0.169462889,2c2e16f10868be311d5dfeba2c2f6110,0,0,0,0,0,0,0,/Volumes/research/wangj59lab/wangj59labspace/Jasper/CX7/210723/MHCII + FcFGL1deltaCC polylysine/24h/TargetActivationAdvanced.V4.1_07-24-21_10;32;47,65535,0,0.086972926,0.073424181,-13.54833306,0.077174183,file:/Volumes/research/wangj59lab/wangj59labspace/Jasper/CX7/210723/MHCII%20%2B%20FcFGL1deltaCC%20polylysine/24h/TargetActivationAdvanced.V4.1_07-24-21_10%3B32%3B47/MFGTMP_210724100003_M04f02d0.PNG,1104
1117,0,0,0.19,0,3.15,0.16,0.01,MFGTMP_210724100003_M04f03d0.PNG,0,16,1,1104,16,0.111009382,0.036728457,0.24856947,0.153538411,0.14010833,0.07803464,1.11494786,0.050475653,58209,8937.317,0.191470206,53dd24abeed796b0d2d25047d3ed3d49,0,0,0,0,0,0,0,/Volumes/research/wangj59lab/wangj59labspace/Jasper/CX7/210723/MHCII + FcFGL1deltaCC polylysine/24h/TargetActivationAdvanced.V4.1_07-24-21_10;32;47,65535,0,0.091385929,0.07570171,-13.53141028,0.103711669,file:/Volumes/research/wangj59lab/wangj59labspace/Jasper/CX7/210723/MHCII%20%2B%20FcFGL1deltaCC%20polylysine/24h/TargetActivationAdvanced.V4.1_07-24-21_10%3B32%3B47/MFGTMP_210724100003_M04f03d0.PNG,1104
853,0,0,0.26,0,3.12,0.13,0.01,MFGTMP_210724100003_M05f00d0.PNG,0,17,1,1104,17,0.104341194,0.027588315,0.24856947,0.139897745,0.1266804,0.07566949,0.411647053,0.046059337,42998,6015.323,0.166701004,c3ab9a3706bccd550d65e885ba082dd5,0,0,0,0,0,0,0,/Volumes/research/wangj59lab/wangj59labspace/Jasper/CX7/210723/MHCII + FcFGL1deltaCC polylysine/24h/TargetActivationAdvanced.V4.1_07-24-21_10;32;47,65535,0,0.084604269,0.071158368,-13.38647622,0.066520313,file:/Volumes/research/wangj59lab/wangj59labspace/Jasper/CX7/210723/MHCII%20%2B%20FcFGL1deltaCC%20polylysine/24h/TargetActivationAdvanced.V4.1_07-24-21_10%3B32%3B47/MFGTMP_210724100003_M05f00d0.PNG,1104
1059,0,0,0.18,0,3.04,0.14,0.01,MFGTMP_210724100003_M05f01d0.PNG,0,18,1,1104,18,0.101808198,0.029633023,0.24856947,0.137797752,0.12664989,0.0755169,0.71786691,0.04414283,52656,7255.8784,0.166582748,ab3db72038f1a4fbacd668a498f09f51,0,0,0,0,0,0,0,/Volumes/research/wangj59lab/wangj59labspace/Jasper/CX7/210723/MHCII + FcFGL1deltaCC polylysine/24h/TargetActivationAdvanced.V4.1_07-24-21_10;32;47,65535,0,0.085091837,0.071651613,-13.44312234,0.069947428,file:/Volumes/research/wangj59lab/wangj59labspace/Jasper/CX7/210723/MHCII%20%2B%20FcFGL1deltaCC%20polylysine/24h/TargetActivationAdvanced.V4.1_07-24-21_10%3B32%3B47/MFGTMP_210724100003_M05f01d0.PNG,1104
1020,0,0,0.18,0,3.07,0.14,0.01,MFGTMP_210724100003_M05f02d0.PNG,0,19,1,1104,19,0.101808198,0.029037923,0.24856947,0.139790714,0.12561227,0.07481498,0.598729967,0.04739174,49605,6934.3184,0.169665068,eba8a843dc81b98223b72c2c78032f82,0,0,0,0,0,0,0,/Volumes/research/wangj59lab/wangj59labspace/Jasper/CX7/210723/MHCII + FcFGL1deltaCC polylysine/24h/TargetActivationAdvanced.V4.1_07-24-21_10;32;47,65535,0,0.085638831,0.072535568,-13.38707313,0.074627536,file:/Volumes/research/wangj59lab/wangj59labspace/Jasper/CX7/210723/MHCII%20%2B%20FcFGL1deltaCC%20polylysine/24h/TargetActivationAdvanced.V4.1_07-24-21_10%3B32%3B47/MFGTMP_210724100003_M05f02d0.PNG,1104
769,0,0,0.25,0,2.95,0.13,0.01,MFGTMP_210724100003_M05f03d0.PNG,0,20,1,1104,20,0.104951553,0.032799274,0.24856947,0.143057931,0.13208972,0.06358434,1.260662995,0.04709418,37044,5299.438,0.173723966,7994382b46f63f4d15ecda84e787394c,0,0,0,0,0,0,0,/Volumes/research/wangj59lab/wangj59labspace/Jasper/CX7/210723/MHCII + FcFGL1deltaCC polylysine/24h/TargetActivationAdvanced.V4.1_07-24-21_10;32;47,65535,0,0.082713178,0.070819555,-13.49611792,0.073558361,file:/Volumes/research/wangj59lab/wangj59labspace/Jasper/CX7/210723/MHCII%20%2B%20FcFGL1deltaCC%20polylysine/24h/TargetActivationAdvanced.V4.1_07-24-21_10%3B32%3B47/MFGTMP_210724100003_M05f03d0.PNG,1104
1060,0,0,0.21,0,2.99,0.15,0.01,MFGTMP_210724100003_M06f00d0.PNG,0,21,1,1104,21,0.107209891,0.03144884,0.24856947,0.145904674,0.1338674,0.07638666,0.462112253,0.047810584,54965,8019.6504,0.176089108,43c094679905f8f5dc1419579789a45a,0,0,0,0,0,0,0,/Volumes/research/wangj59lab/wangj59labspace/Jasper/CX7/210723/MHCII + FcFGL1deltaCC polylysine/24h/TargetActivationAdvanced.V4.1_07-24-21_10;32;47,65535,0,0.088965015,0.074018781,-13.55408674,0.082045967,file:/Volumes/research/wangj59lab/wangj59labspace/Jasper/CX7/210723/MHCII%20%2B%20FcFGL1deltaCC%20polylysine/24h/TargetActivationAdvanced.V4.1_07-24-21_10%3B32%3B47/MFGTMP_210724100003_M06f00d0.PNG,1104
1257,0,0,0.24,0,2.98,0.17,0.01,MFGTMP_210724100003_M06f01d0.PNG,0,22,1,1104,22,0.108934157,0.029617757,0.24856947,0.14738377,0.13295186,0.07858396,0.498605093,0.048429538,67388,9931.897,0.178591594,a035cbcb37bb0775c418bef4ebf796ed,0,0,0,0,0,0,0,/Volumes/research/wangj59lab/wangj59labspace/Jasper/CX7/210723/MHCII + FcFGL1deltaCC polylysine/24h/TargetActivationAdvanced.V4.1_07-24-21_10;32;47,65535,0,0.091836484,0.076098887,-13.39929217,0.083369745,file:/Volumes/research/wangj59lab/wangj59labspace/Jasper/CX7/210723/MHCII%20%2B%20FcFGL1deltaCC%20polylysine/24h/TargetActivationAdvanced.V4.1_07-24-21_10%3B32%3B47/MFGTMP_210724100003_M06f01d0.PNG,1104
1304,0,0,0.25,0,3.07,0.16,0.01,MFGTMP_210724100003_M06f02d0.PNG,0,23,1,1104,23,0.105836578,0.028320745,0.24856947,0.142465714,0.12965591,0.07829404,1.243659702,0.045405023,67623,9633.959,0.169970244,f54a00dfb4f54c1beac0e30bf7efa41f,0,0,0,0,0,0,0,/Volumes/research/wangj59lab/wangj59labspace/Jasper/CX7/210723/MHCII + FcFGL1deltaCC polylysine/24h/TargetActivationAdvanced.V4.1_07-24-21_10;32;47,65535,0,0.091136864,0.076511816,-13.56570881,0.084951601,file:/Volumes/research/wangj59lab/wangj59labspace/Jasper/CX7/210723/MHCII%20%2B%20FcFGL1deltaCC%20polylysine/24h/TargetActivationAdvanced.V4.1_07-24-21_10%3B32%3B47/MFGTMP_210724100003_M06f02d0.PNG,1104
943,0,0,0.25,0,3,0.16,0.01,MFGTMP_210724100003_M06f03d0.PNG,0,24,1,1104,24,0.110807203,0.03668268,0.24856947,0.153209455,0.142504,0.079041734,1.80732359,0.04991196,50904,7798.974,0.188601509,0008e21f1b2def396f909555f775d3b2,0,0,0,0,0,0,0,/Volumes/research/wangj59lab/wangj59labspace/Jasper/CX7/210723/MHCII + FcFGL1deltaCC polylysine/24h/TargetActivationAdvanced.V4.1_07-24-21_10;32;47,65535,0,0.090089012,0.074440791,-13.61487065,0.094016454,file:/Volumes/research/wangj59lab/wangj59labspace/Jasper/CX7/210723/MHCII%20%2B%20FcFGL1deltaCC%20polylysine/24h/TargetActivationAdvanced.V4.1_07-24-21_10%3B32%3B47/MFGTMP_210724100003_M06f03d0.PNG,1104
1044,0,0,0.24,0,3.03,0.16,0.01,MFGTMP_210724100003_M07f00d0.PNG,0,25,1,1104,25,0.105195694,0.029922947,0.24856947,0.144411457,0.12956436,0.07362478,0.822069261,0.04885951,56078,8098.3057,0.175082013,c8799e24d635195fdd81377d5a56aded,0,0,0,0,0,0,0,/Volumes/research/wangj59lab/wangj59labspace/Jasper/CX7/210723/MHCII + FcFGL1deltaCC polylysine/24h/TargetActivationAdvanced.V4.1_07-24-21_10;32;47,65535,0,0.088606476,0.073178356,-13.23081701,0.078604898,file:/Volumes/research/wangj59lab/wangj59labspace/Jasper/CX7/210723/MHCII%20%2B%20FcFGL1deltaCC%20polylysine/24h/TargetActivationAdvanced.V4.1_07-24-21_10%3B32%3B47/MFGTMP_210724100003_M07f00d0.PNG,1104
1094,0,0,0.19,0,2.97,0.14,0.01,MFGTMP_210724100003_M07f01d0.PNG,0,26,1,1104,26,0.107331961,0.030838482,0.24858473,0.146675663,0.13279927,0.078339815,0.041980118,0.04881652,59552,8734.829,0.178118557,40b9deab2a41f3d15c79f43b0fdbb068,0,0,0,0,0,0,0,/Volumes/research/wangj59lab/wangj59labspace/Jasper/CX7/210723/MHCII + FcFGL1deltaCC polylysine/24h/TargetActivationAdvanced.V4.1_07-24-21_10;32;47,65535,0,0.089068498,0.073452325,-12.7663829,0.082835041,file:/Volumes/research/wangj59lab/wangj59labspace/Jasper/CX7/210723/MHCII%20%2B%20FcFGL1deltaCC%20polylysine/24h/TargetActivationAdvanced.V4.1_07-24-21_10%3B32%3B47/MFGTMP_210724100003_M07f01d0.PNG,1104
1079,0,0,0.2,0,2.97,0.14,0.01,MFGTMP_210724100003_M07f02d0.PNG,0,27,1,1104,27,0.104432747,0.030167088,0.24856947,0.142233135,0.12892348,0.07710384,0.22910494,0.04625514,58052,8256.918,0.174456403,778cfa4c308166f1c2295b0d8b96e9dd,0,0,0,0,0,0,0,/Volumes/research/wangj59lab/wangj59labspace/Jasper/CX7/210723/MHCII + FcFGL1deltaCC polylysine/24h/TargetActivationAdvanced.V4.1_07-24-21_10;32;47,65535,0,0.08798288,0.072966575,-13.4812121,0.075188607,file:/Volumes/research/wangj59lab/wangj59labspace/Jasper/CX7/210723/MHCII%20%2B%20FcFGL1deltaCC%20polylysine/24h/TargetActivationAdvanced.V4.1_07-24-21_10%3B32%3B47/MFGTMP_210724100003_M07f02d0.PNG,1104
890,0,0,0.24,0,3,0.14,0.01,MFGTMP_210724100003_M07f03d0.PNG,0,28,1,1104,28,0.10533303,0.032188907,0.24856947,0.143710285,0.1319295,0.07553216,1.738447734,0.046959385,44580,6406.6045,0.174441144,4fe5bf5021356557de53fbee0072e167,0,0,0,0,0,0,0,/Volumes/research/wangj59lab/wangj59labspace/Jasper/CX7/210723/MHCII + FcFGL1deltaCC polylysine/24h/TargetActivationAdvanced.V4.1_07-24-21_10;32;47,65535,0,0.084779034,0.071657574,-13.43358074,0.078827279,file:/Volumes/research/wangj59lab/wangj59labspace/Jasper/CX7/210723/MHCII%20%2B%20FcFGL1deltaCC%20polylysine/24h/TargetActivationAdvanced.V4.1_07-24-21_10%3B32%3B47/MFGTMP_210724100003_M07f03d0.PNG,1104
1058,0,0,0.21,0,3.05,0.15,0.01,MFGTMP_210724100003_M08f00d0.PNG,0,29,1,1104,29,0.108232245,0.033752963,0.24856947,0.149719946,0.1361715,0.078095675,0.979358656,0.04947537,58814,8805.629,0.1858854,0515510e8da4fb82e86685225a5f7b87,0,0,0,0,0,0,0,/Volumes/research/wangj59lab/wangj59labspace/Jasper/CX7/210723/MHCII + FcFGL1deltaCC polylysine/24h/TargetActivationAdvanced.V4.1_07-24-21_10;32;47,65535,0,0.091106639,0.073501152,-13.41245786,0.085359063,file:/Volumes/research/wangj59lab/wangj59labspace/Jasper/CX7/210723/MHCII%20%2B%20FcFGL1deltaCC%20polylysine/24h/TargetActivationAdvanced.V4.1_07-24-21_10%3B32%3B47/MFGTMP_210724100003_M08f00d0.PNG,1104
974,0,0,0.19,0,3.05,0.16,0.01,MFGTMP_210724100003_M08f01d0.PNG,0,30,1,1104,30,0.104417488,0.030533299,0.24856947,0.142312265,0.12990005,0.07603571,0.456072056,0.046951003,52404,7457.732,0.171801329,4a78e6ae592691dd7edd0519330fdc0e,0,0,0,0,0,0,0,/Volumes/research/wangj59lab/wangj59labspace/Jasper/CX7/210723/MHCII + FcFGL1deltaCC polylysine/24h/TargetActivationAdvanced.V4.1_07-24-21_10;32;47,65535,0,0.086448195,0.071582637,-13.40722754,0.072551672,file:/Volumes/research/wangj59lab/wangj59labspace/Jasper/CX7/210723/MHCII%20%2B%20FcFGL1deltaCC%20polylysine/24h/TargetActivationAdvanced.V4.1_07-24-21_10%3B32%3B47/MFGTMP_210724100003_M08f01d0.PNG,1104
1107,0,0,0.2,0,3.06,0.14,0.01,MFGTMP_210724100003_M08f02d0.PNG,0,31,1,1104,31,0.103761353,0.027878225,0.24856947,0.138986868,0.1266804,0.07449455,0.258801007,0.044970054,56414,7840.805,0.166887924,cecf6a0893124625783ec8b9b62fd3e3,0,0,0,0,0,0,0,/Volumes/research/wangj59lab/wangj59labspace/Jasper/CX7/210723/MHCII + FcFGL1deltaCC polylysine/24h/TargetActivationAdvanced.V4.1_07-24-21_10;32;47,65535,0,0.085826945,0.072750401,-13.60197758,0.069162742,file:/Volumes/research/wangj59lab/wangj59labspace/Jasper/CX7/210723/MHCII%20%2B%20FcFGL1deltaCC%20polylysine/24h/TargetActivationAdvanced.V4.1_07-24-21_10%3B32%3B47/MFGTMP_210724100003_M08f02d0.PNG,1104
893,0,0,0.26,0,2.99,0.15,0.03,MFGTMP_210724100003_M08f03d0.PNG,0,32,1,1104,32,0.103746086,0.029037923,0.24856947,0.14093306,0.12765698,0.07446403,0.518381954,0.047376826,46105,6497.7188,0.169405654,1b50b52c659ac2e72974ea1d9d2ff7f9,0,0,0,0,0,0,0,/Volumes/research/wangj59lab/wangj59labspace/Jasper/CX7/210723/MHCII + FcFGL1deltaCC polylysine/24h/TargetActivationAdvanced.V4.1_07-24-21_10;32;47,65535,0,0.084507326,0.070576466,-13.42737539,0.068233675,file:/Volumes/research/wangj59lab/wangj59labspace/Jasper/CX7/210723/MHCII%20%2B%20FcFGL1deltaCC%20polylysine/24h/TargetActivationAdvanced.V4.1_07-24-21_10%3B32%3B47/MFGTMP_210724100003_M08f03d0.PNG,1104
1100,0,0,0.27,0,2.97,0.15,0.02,MFGTMP_210724100003_M09f00d0.PNG,0,33,1,1104,33,0.108659498,0.035828188,0.24856947,0.151055059,0.13925384,0.08062867,1.264211919,0.049773615,59721,9021.159,0.186434731,3064aca46ba04db873f4c697df2604a2,0,0,0,0,0,0,0,/Volumes/research/wangj59lab/wangj59labspace/Jasper/CX7/210723/MHCII + FcFGL1deltaCC polylysine/24h/TargetActivationAdvanced.V4.1_07-24-21_10;32;47,65535,0,0.091489426,0.074463964,-13.56606199,0.089762045,file:/Volumes/research/wangj59lab/wangj59labspace/Jasper/CX7/210723/MHCII%20%2B%20FcFGL1deltaCC%20polylysine/24h/TargetActivationAdvanced.V4.1_07-24-21_10%3B32%3B47/MFGTMP_210724100003_M09f00d0.PNG,1104
1080,0,0,0.26,0,2.97,0.16,0.01,MFGTMP_210724100003_M09f01d0.PNG,0,34,1,1104,34,0.105256736,0.029358357,0.24856947,0.141473512,0.12974747,0.07582208,0.514851485,0.045054875,58075,8216.074,0.171511412,8fdb2cdb7af00889456fdc8f8eb7a73a,0,0,0,0,0,0,0,/Volumes/research/wangj59lab/wangj59labspace/Jasper/CX7/210723/MHCII + FcFGL1deltaCC polylysine/24h/TargetActivationAdvanced.V4.1_07-24-21_10;32;47,65535,0,0.086668692,0.072319617,-13.51602892,0.080422672,file:/Volumes/research/wangj59lab/wangj59labspace/Jasper/CX7/210723/MHCII%20%2B%20FcFGL1deltaCC%20polylysine/24h/TargetActivationAdvanced.V4.1_07-24-21_10%3B32%3B47/MFGTMP_210724100003_M09f01d0.PNG,1104
879,0,0,0.29,0,3.06,0.13,0.01,MFGTMP_210724100003_M09f02d0.PNG,0,35,1,1104,35,0.099031053,0.02362097,0.24856947,0.129779075,0.11906615,0.0692607,0.152879631,0.041391205,41863,5432.9414,0.15133898,e2aa8e31a8bea815348b9dd6296612f4,0,0,0,0,0,0,0,/Volumes/research/wangj59lab/wangj59labspace/Jasper/CX7/210723/MHCII + FcFGL1deltaCC polylysine/24h/TargetActivationAdvanced.V4.1_07-24-21_10;32;47,65535,0,0.079796071,0.070002415,-13.42798828,0.062331872,file:/Volumes/research/wangj59lab/wangj59labspace/Jasper/CX7/210723/MHCII%20%2B%20FcFGL1deltaCC%20polylysine/24h/TargetActivationAdvanced.V4.1_07-24-21_10%3B32%3B47/MFGTMP_210724100003_M09f02d0.PNG,1104
1004,0,0,0.27,0,3.05,0.14,0.01,MFGTMP_210724100003_M09f03d0.PNG,0,36,1,1104,36,0.105867095,0.03453117,0.24856947,0.146256089,0.13629359,0.07544061,0.778499335,0.047935985,51124,7477.1963,0.178088039,f5b8815b59d33c1fe63067ee73d1ad85,0,0,0,0,0,0,0,/Volumes/research/wangj59lab/wangj59labspace/Jasper/CX7/210723/MHCII + FcFGL1deltaCC polylysine/24h/TargetActivationAdvanced.V4.1_07-24-21_10;32;47,65535,0,0.086863042,0.072356839,-13.6202279,0.093761349,file:/Volumes/research/wangj59lab/wangj59labspace/Jasper/CX7/210723/MHCII%20%2B%20FcFGL1deltaCC%20polylysine/24h/TargetActivationAdvanced.V4.1_07-24-21_10%3B32%3B47/MFGTMP_210724100003_M09f03d0.PNG,1104
954,0,0,0.24,0,3.03,0.14,0.01,MFGTMP_210724100003_M10f00d0.PNG,0,37,1,1104,37,0.10841535,0.03537041,0.24856947,0.15291407,0.13682765,0.080460824,0.536983815,0.052032243,52888,8087.3193,0.193072408,f199c93efb8331247c3d0fb3714d8ef5,0,0,0,0,0,0,0,/Volumes/research/wangj59lab/wangj59labspace/Jasper/CX7/210723/MHCII + FcFGL1deltaCC polylysine/24h/TargetActivationAdvanced.V4.1_07-24-21_10;32;47,65535,0,0.091265537,0.073638225,-13.43567978,0.08681218,file:/Volumes/research/wangj59lab/wangj59labspace/Jasper/CX7/210723/MHCII%20%2B%20FcFGL1deltaCC%20polylysine/24h/TargetActivationAdvanced.V4.1_07-24-21_10%3B32%3B47/MFGTMP_210724100003_M10f00d0.PNG,1104
1145,0,0,0.21,0,2.98,0.14,0.01,MFGTMP_210724100003_M10f01d0.PNG,0,38,1,1104,38,0.112062261,0.03642328,0.24856947,0.15567189,0.14180209,0.078217745,0.684303022,0.051243413,64299,10009.547,0.194522008,3fe8cbff426afd1ac575c24f0ee78a8e,0,0,0,0,0,0,0,/Volumes/research/wangj59lab/wangj59labspace/Jasper/CX7/210723/MHCII + FcFGL1deltaCC polylysine/24h/TargetActivationAdvanced.V4.1_07-24-21_10;32;47,65535,0,0.093693931,0.075885411,-13.36466462,0.092866051,file:/Volumes/research/wangj59lab/wangj59labspace/Jasper/CX7/210723/MHCII%20%2B%20FcFGL1deltaCC%20polylysine/24h/TargetActivationAdvanced.V4.1_07-24-21_10%3B32%3B47/MFGTMP_210724100003_M10f01d0.PNG,1104
1152,0,0,0.19,0,3,0.15,0.01,MFGTMP_210724100003_M10f02d0.PNG,0,39,1,1104,39,0.10168612,0.02589456,0.24856947,0.136587131,0.12272831,0.07347219,0.046574116,0.045401946,55825,7624.9766,0.163973451,fa10345ff7d87ec045cef2b83fca9391,0,0,0,0,0,0,0,/Volumes/research/wangj59lab/wangj59labspace/Jasper/CX7/210723/MHCII + FcFGL1deltaCC polylysine/24h/TargetActivationAdvanced.V4.1_07-24-21_10;32;47,65535,0,0.084988592,0.073567239,-13.6500287,0.072143264,file:/Volumes/research/wangj59lab/wangj59labspace/Jasper/CX7/210723/MHCII%20%2B%20FcFGL1deltaCC%20polylysine/24h/TargetActivationAdvanced.V4.1_07-24-21_10%3B32%3B47/MFGTMP_210724100003_M10f02d0.PNG,1104
913,0,0,0.2,0.01,2.95,0.12,0.02,MFGTMP_210724100003_M10f03d0.PNG,0,40,1,1104,40,0.099382013,0.027328908,0.24856947,0.134128378,0.12251469,0.06976425,1.97258442,0.04484788,41874,5616.4917,0.159590289,523e2a9e6eeaecc47e17b30ccc338859,0,0,0,0,0,0,0,/Volumes/research/wangj59lab/wangj59labspace/Jasper/CX7/210723/MHCII + FcFGL1deltaCC polylysine/24h/TargetActivationAdvanced.V4.1_07-24-21_10;32;47,65535,0,0.080382667,0.07024641,-13.4521495,0.073097858,file:/Volumes/research/wangj59lab/wangj59labspace/Jasper/CX7/210723/MHCII%20%2B%20FcFGL1deltaCC%20polylysine/24h/TargetActivationAdvanced.V4.1_07-24-21_10%3B32%3B47/MFGTMP_210724100003_M10f03d0.PNG,1104
995,0,0,0.2,0,2.98,0.14,0.01,MFGTMP_210724100003_M11f00d0.PNG,0,41,1,1104,41,0.105790801,0.030426487,0.24858473,0.142992173,0.13119707,0.07570001,0.00190371,0.04584088,52529,7511.236,0.173311964,7391ad3a98823103b29447237e781603,0,0,0,0,0,0,0,/Volumes/research/wangj59lab/wangj59labspace/Jasper/CX7/210723/MHCII + FcFGL1deltaCC polylysine/24h/TargetActivationAdvanced.V4.1_07-24-21_10;32;47,65535,0,0.08697963,0.072988382,-13.63666047,0.080268181,file:/Volumes/research/wangj59lab/wangj59labspace/Jasper/CX7/210723/MHCII%20%2B%20FcFGL1deltaCC%20polylysine/24h/TargetActivationAdvanced.V4.1_07-24-21_10%3B32%3B47/MFGTMP_210724100003_M11f00d0.PNG,1104
1064,0,0,0.21,0,3,0.14,0.01,MFGTMP_210724100003_M11f01d0.PNG,0,42,1,1104,42,0.108552679,0.03132678,0.24856947,0.149961447,0.13339438,0.078919664,0.67978288,0.05024433,58401,8757.898,0.186755165,6cfa6c27e1e3b9595274fa6645cfbd1f,0,0,0,0,0,0,0,/Volumes/research/wangj59lab/wangj59labspace/Jasper/CX7/210723/MHCII + FcFGL1deltaCC polylysine/24h/TargetActivationAdvanced.V4.1_07-24-21_10;32;47,65535,0,0.092023836,0.073861474,-13.3268638,0.078130162,file:/Volumes/research/wangj59lab/wangj59labspace/Jasper/CX7/210723/MHCII%20%2B%20FcFGL1deltaCC%20polylysine/24h/TargetActivationAdvanced.V4.1_07-24-21_10%3B32%3B47/MFGTMP_210724100003_M11f01d0.PNG,1104
1072,0,0,0.19,0,3.01,0.14,0.02,MFGTMP_210724100003_M11f02d0.PNG,0,43,1,1104,43,0.106370643,0.031754024,0.24856947,0.145473087,0.133608,0.07742428,0.746967166,0.047983844,54487,7926.392,0.175890744,4fd90e5ac5de95ea040bc15454c54c9e,0,0,0,0,0,0,0,/Volumes/research/wangj59lab/wangj59labspace/Jasper/CX7/210723/MHCII + FcFGL1deltaCC polylysine/24h/TargetActivationAdvanced.V4.1_07-24-21_10;32;47,65535,0,0.088116807,0.073057939,-13.60115438,0.080479132,file:/Volumes/research/wangj59lab/wangj59labspace/Jasper/CX7/210723/MHCII%20%2B%20FcFGL1deltaCC%20polylysine/24h/TargetActivationAdvanced.V4.1_07-24-21_10%3B32%3B47/MFGTMP_210724100003_M11f02d0.PNG,1104
818,0,0,0.22,0,3.09,0.13,0.01,MFGTMP_210724100003_M11f03d0.PNG,0,44,1,1104,44,0.104005493,0.03465324,0.24856947,0.143225138,0.13374533,0.07345693,1.149340603,0.04651124,40719,5831.9844,0.176226437,b61df45da577425471a251f5613ae684,0,0,0,0,0,0,0,/Volumes/research/wangj59lab/wangj59labspace/Jasper/CX7/210723/MHCII + FcFGL1deltaCC polylysine/24h/TargetActivationAdvanced.V4.1_07-24-21_10;32;47,65535,0,0.08341238,0.070795819,-13.55822601,0.078729054,file:/Volumes/research/wangj59lab/wangj59labspace/Jasper/CX7/210723/MHCII%20%2B%20FcFGL1deltaCC%20polylysine/24h/TargetActivationAdvanced.V4.1_07-24-21_10%3B32%3B47/MFGTMP_210724100003_M11f03d0.PNG,1104
931,0,0,0.19,0,3.09,0.14,0.01,MFGTMP_210724100003_M12f00d0.PNG,0,45,1,1104,45,0.105745025,0.028702214,0.24856947,0.144050737,0.12938124,0.075715266,0.726880878,0.048544813,51040,7352.3496,0.172915235,f8fbc2eea52d7d1d84e7e4190a3185a5,0,0,0,0,0,0,0,/Volumes/research/wangj59lab/wangj59labspace/Jasper/CX7/210723/MHCII + FcFGL1deltaCC polylysine/24h/TargetActivationAdvanced.V4.1_07-24-21_10;32;47,65535,0,0.087076505,0.071688973,-13.42769122,0.069758927,file:/Volumes/research/wangj59lab/wangj59labspace/Jasper/CX7/210723/MHCII%20%2B%20FcFGL1deltaCC%20polylysine/24h/TargetActivationAdvanced.V4.1_07-24-21_10%3B32%3B47/MFGTMP_210724100003_M12f00d0.PNG,1104
875,0,0,0.23,0,3.07,0.13,0.02,MFGTMP_210724100003_M12f01d0.PNG,0,46,1,1104,46,0.111772336,0.036888674,0.24856947,0.155314415,0.14213017,0.08310063,1.422438007,0.05102951,49844,7741.4917,0.194445714,cc2ba2480a47ced98a6f7a5e1900c961,0,0,0,0,0,0,0,/Volumes/research/wangj59lab/wangj59labspace/Jasper/CX7/210723/MHCII + FcFGL1deltaCC polylysine/24h/TargetActivationAdvanced.V4.1_07-24-21_10;32;47,65535,0,0.091400703,0.072263919,-13.39182129,0.078769459,file:/Volumes/research/wangj59lab/wangj59labspace/Jasper/CX7/210723/MHCII%20%2B%20FcFGL1deltaCC%20polylysine/24h/TargetActivationAdvanced.V4.1_07-24-21_10%3B32%3B47/MFGTMP_210724100003_M12f01d0.PNG,1104
1170,0,0,0.19,0,3.09,0.15,0.01,MFGTMP_210724100003_M12f02d0.PNG,0,47,1,1104,47,0.104066528,0.03002213,0.24856947,0.143390531,0.12859541,0.07765316,0.320002768,0.048226062,57812,8289.693,0.176165402,136810bf6e4e53c5bf393b495538d632,0,0,0,0,0,0,0,/Volumes/research/wangj59lab/wangj59labspace/Jasper/CX7/210723/MHCII + FcFGL1deltaCC polylysine/24h/TargetActivationAdvanced.V4.1_07-24-21_10;32;47,65535,0,0.089101467,0.074096551,-13.49450834,0.074315203,file:/Volumes/research/wangj59lab/wangj59labspace/Jasper/CX7/210723/MHCII%20%2B%20FcFGL1deltaCC%20polylysine/24h/TargetActivationAdvanced.V4.1_07-24-21_10%3B32%3B47/MFGTMP_210724100003_M12f02d0.PNG,1104
1081,0,0,0.16,0,2.87,0.14,0.01,MFGTMP_210724100003_M12f03d0.PNG,0,48,1,1104,48,0.099382013,0.026260778,0.24856947,0.131638067,0.12152285,0.0698558,0.004026008,0.04152867,49677,6539.3843,0.156786457,104d9eb5ccfabb82cf9e4ed0f441b9bd,0,0,0,0,0,0,0,/Volumes/research/wangj59lab/wangj59labspace/Jasper/CX7/210723/MHCII + FcFGL1deltaCC polylysine/24h/TargetActivationAdvanced.V4.1_07-24-21_10;32;47,65535,0,0.081893943,0.071246147,-13.54602529,0.073956289,file:/Volumes/research/wangj59lab/wangj59labspace/Jasper/CX7/210723/MHCII%20%2B%20FcFGL1deltaCC%20polylysine/24h/TargetActivationAdvanced.V4.1_07-24-21_10%3B32%3B47/MFGTMP_210724100003_M12f03d0.PNG,1104
766,0,0,0.22,0,2.85,0.14,0.01,MFGTMP_210724100003_M13f00d0.PNG,0,49,1,1104,49,0.102052338,0.027168691,0.24856947,0.139475443,0.12357519,0.07650874,0.609609754,0.047513645,41666,5811.384,0.17027542,7abbbc74141504231acfee9d1bccdf0d,0,0,0,0,0,0,0,/Volumes/research/wangj59lab/wangj59labspace/Jasper/CX7/210723/MHCII + FcFGL1deltaCC polylysine/24h/TargetActivationAdvanced.V4.1_07-24-21_10;32;47,65535,0,0.08494,0.068706329,-13.30271849,0.059781362,file:/Volumes/research/wangj59lab/wangj59labspace/Jasper/CX7/210723/MHCII%20%2B%20FcFGL1deltaCC%20polylysine/24h/TargetActivationAdvanced.V4.1_07-24-21_10%3B32%3B47/MFGTMP_210724100003_M13f00d0.PNG,1104
963,0,0,0.17,0,3.05,0.13,0.01,MFGTMP_210724100003_M13f01d0.PNG,0,50,1,1104,50,0.106553748,0.031380184,0.24856947,0.147628661,0.13262379,0.079621576,0.804735054,0.05024708,53558,7906.696,0.180331126,3e0ab8c62432895738a8c1e239199d41,0,0,0,0,0,0,0,/Volumes/research/wangj59lab/wangj59labspace/Jasper/CX7/210723/MHCII + FcFGL1deltaCC polylysine/24h/TargetActivationAdvanced.V4.1_07-24-21_10;32;47,65535,0,0.08947031,0.071898302,-13.35020336,0.075959177,file:/Volumes/research/wangj59lab/wangj59labspace/Jasper/CX7/210723/MHCII%20%2B%20FcFGL1deltaCC%20polylysine/24h/TargetActivationAdvanced.V4.1_07-24-21_10%3B32%3B47/MFGTMP_210724100003_M13f01d0.PNG,1104
1129,0,0,0.19,0,3.06,0.15,0.01,MFGTMP_210724100003_M13f02d0.PNG,0,51,1,1104,51,0.098924242,0.026321813,0.24856947,0.133479642,0.12056153,0.07248035,0.587382294,0.044222023,54479,7271.8374,0.15951781,12b43aa309d727673681b2d74a2f4154,0,0,0,0,0,0,0,/Volumes/research/wangj59lab/wangj59labspace/Jasper/CX7/210723/MHCII + FcFGL1deltaCC polylysine/24h/TargetActivationAdvanced.V4.1_07-24-21_10;32;47,65535,0,0.083464787,0.071806808,-13.45113774,0.069151178,file:/Volumes/research/wangj59lab/wangj59labspace/Jasper/CX7/210723/MHCII%20%2B%20FcFGL1deltaCC%20polylysine/24h/TargetActivationAdvanced.V4.1_07-24-21_10%3B32%3B47/MFGTMP_210724100003_M13f02d0.PNG,1104
720,0,0,0.18,0,3.1,0.13,0.01,MFGTMP_210724100003_M13f03d0.PNG,0,52,1,1104,52,0.097398333,0.028427556,0.24856947,0.130703709,0.12115663,0.06681926,0.585161311,0.042376604,31957,4176.8984,0.157106891,dbd8d270c2671c3be71fc54b3b170526,0,0,0,0,0,0,0,/Volumes/research/wangj59lab/wangj59labspace/Jasper/CX7/210723/MHCII + FcFGL1deltaCC polylysine/24h/TargetActivationAdvanced.V4.1_07-24-21_10;32;47,65535,0,0.077133076,0.067598477,-13.64383404,0.06619909,file:/Volumes/research/wangj59lab/wangj59labspace/Jasper/CX7/210723/MHCII%20%2B%20FcFGL1deltaCC%20polylysine/24h/TargetActivationAdvanced.V4.1_07-24-21_10%3B32%3B47/MFGTMP_210724100003_M13f03d0.PNG,1104
869,0,0,0.21,0,3.06,0.14,0.01,MFGTMP_210724100003_M14f00d0.PNG,0,53,1,1104,53,0.098695353,0.025703825,0.24856947,0.133627629,0.120172426,0.07388418,0.321543408,0.044934306,43540,5818.147,0.158464938,e2181df4ec4bc888419fef7a52906a68,0,0,0,0,0,0,0,/Volumes/research/wangj59lab/wangj59labspace/Jasper/CX7/210723/MHCII + FcFGL1deltaCC polylysine/24h/TargetActivationAdvanced.V4.1_07-24-21_10;32;47,65535,0,0.082307573,0.069178452,-12.80311795,0.064063786,file:/Volumes/research/wangj59lab/wangj59labspace/Jasper/CX7/210723/MHCII%20%2B%20FcFGL1deltaCC%20polylysine/24h/TargetActivationAdvanced.V4.1_07-24-21_10%3B32%3B47/MFGTMP_210724100003_M14f00d0.PNG,1104
973,0,0,0.19,0,2.91,0.14,0.01,MFGTMP_210724100003_M14f01d0.PNG,0,54,1,1104,54,0.104554817,0.03162432,0.24856947,0.143969893,0.13080034,0.07675288,0.86808188,0.047968503,52760,7595.8516,0.176318005,56db01fa865ee0045f847a06b827eee6,0,0,0,0,0,0,0,/Volumes/research/wangj59lab/wangj59labspace/Jasper/CX7/210723/MHCII + FcFGL1deltaCC polylysine/24h/TargetActivationAdvanced.V4.1_07-24-21_10;32;47,65535,0,0.086750648,0.070937363,-13.4366179,0.074895058,file:/Volumes/research/wangj59lab/wangj59labspace/Jasper/CX7/210723/MHCII%20%2B%20FcFGL1deltaCC%20polylysine/24h/TargetActivationAdvanced.V4.1_07-24-21_10%3B32%3B47/MFGTMP_210724100003_M14f01d0.PNG,1104
1039,0,0,0.15,0,2.89,0.14,0.01,MFGTMP_210724100003_M14f02d0.PNG,0,55,1,1104,55,0.099412531,0.02652781,0.24856947,0.135284204,0.12085146,0.07084764,1.922429592,0.04643104,53474,7234.1875,0.160448611,aeafe8238468a197293947cb82a7d01d,0,0,0,0,0,0,0,/Volumes/research/wangj59lab/wangj59labspace/Jasper/CX7/210723/MHCII + FcFGL1deltaCC polylysine/24h/TargetActivationAdvanced.V4.1_07-24-21_10;32;47,65535,0,0.083491638,0.071032589,-13.45266935,0.067758136,file:/Volumes/research/wangj59lab/wangj59labspace/Jasper/CX7/210723/MHCII%20%2B%20FcFGL1deltaCC%20polylysine/24h/TargetActivationAdvanced.V4.1_07-24-21_10%3B32%3B47/MFGTMP_210724100003_M14f02d0.PNG,1104
916,0,0,0.22,0,3.08,0.13,0.01,MFGTMP_210724100003_M14f03d0.PNG,0,56,1,1104,56,0.09436179,0.026169218,0.24856947,0.126207201,0.116411075,0.06643778,0.021612276,0.04090119,41643,5255.6465,0.150286108,fd69faff21b5a43dd18f50bf1da4bcf8,0,0,0,0,0,0,0,/Volumes/research/wangj59lab/wangj59labspace/Jasper/CX7/210723/MHCII + FcFGL1deltaCC polylysine/24h/TargetActivationAdvanced.V4.1_07-24-21_10;32;47,65535,0,0.077797606,0.068008892,-13.42349627,0.070849573,file:/Volumes/research/wangj59lab/wangj59labspace/Jasper/CX7/210723/MHCII%20%2B%20FcFGL1deltaCC%20polylysine/24h/TargetActivationAdvanced.V4.1_07-24-21_10%3B32%3B47/MFGTMP_210724100003_M14f03d0.PNG,1104
994,0,0,0.26,0,3.18,0.14,0.01,MFGTMP_210724100003_M15f00d0.PNG,0,57,1,1104,57,0.105409324,0.029816128,0.24856947,0.143397584,0.13096818,0.07508965,0.765400907,0.04721306,53828,7718.805,0.172701612,e316ac84c7049360ece76f2abbc969c3,0,0,0,0,0,0,0,/Volumes/research/wangj59lab/wangj59labspace/Jasper/CX7/210723/MHCII + FcFGL1deltaCC polylysine/24h/TargetActivationAdvanced.V4.1_07-24-21_10;32;47,65535,0,0.087110527,0.072159312,-13.36021568,0.077882535,file:/Volumes/research/wangj59lab/wangj59labspace/Jasper/CX7/210723/MHCII%20%2B%20FcFGL1deltaCC%20polylysine/24h/TargetActivationAdvanced.V4.1_07-24-21_10%3B32%3B47/MFGTMP_210724100003_M15f00d0.PNG,1104
988,0,0,0.21,0,3.09,0.15,0.01,MFGTMP_210724100003_M15f01d0.PNG,0,58,1,1104,58,0.106294349,0.03227283,0.24856947,0.146118903,0.13347067,0.078645,0.19872455,0.048391566,55353,8088.1196,0.178179592,6959c2d95cd6d73a7bcfb51f15e1f917,0,0,0,0,0,0,0,/Volumes/research/wangj59lab/wangj59labspace/Jasper/CX7/210723/MHCII + FcFGL1deltaCC polylysine/24h/TargetActivationAdvanced.V4.1_07-24-21_10;32;47,65535,0,0.088068378,0.072552481,-13.51026922,0.079867455,file:/Volumes/research/wangj59lab/wangj59labspace/Jasper/CX7/210723/MHCII%20%2B%20FcFGL1deltaCC%20polylysine/24h/TargetActivationAdvanced.V4.1_07-24-21_10%3B32%3B47/MFGTMP_210724100003_M15f01d0.PNG,1104
1014,0,0,0.23,0,3.09,0.15,0.01,MFGTMP_210724100003_M15f02d0.PNG,0,59,1,1104,59,0.097810328,0.025680937,0.24856947,0.130913434,0.119447626,0.069092855,0.055186467,0.042649705,47113,6167.7246,0.155092701,8bac46ab02928d95511521f47b801147,0,0,0,0,0,0,0,/Volumes/research/wangj59lab/wangj59labspace/Jasper/CX7/210723/MHCII + FcFGL1deltaCC polylysine/24h/TargetActivationAdvanced.V4.1_07-24-21_10;32;47,65535,0,0.081027916,0.070451327,-13.59613199,0.068909705,file:/Volumes/research/wangj59lab/wangj59labspace/Jasper/CX7/210723/MHCII%20%2B%20FcFGL1deltaCC%20polylysine/24h/TargetActivationAdvanced.V4.1_07-24-21_10%3B32%3B47/MFGTMP_210724100003_M15f02d0.PNG,1104
804,0,0,0.21,0,2.91,0.13,0.01,MFGTMP_210724100003_M15f03d0.PNG,0,60,1,1104,60,0.096131839,0.028244443,0.24856947,0.128127305,0.11979858,0.0662089,0.14235686,0.040605728,35123,4500.2153,0.154085606,4140c4467cb0a5856b7ac3142dbd82ca,0,0,0,0,0,0,0,/Volumes/research/wangj59lab/wangj59labspace/Jasper/CX7/210723/MHCII + FcFGL1deltaCC polylysine/24h/TargetActivationAdvanced.V4.1_07-24-21_10;32;47,65535,0,0.077498835,0.068247582,-13.58532487,0.073214953,file:/Volumes/research/wangj59lab/wangj59labspace/Jasper/CX7/210723/MHCII%20%2B%20FcFGL1deltaCC%20polylysine/24h/TargetActivationAdvanced.V4.1_07-24-21_10%3B32%3B47/MFGTMP_210724100003_M15f03d0.PNG,1104
853,0,0,0.21,0,2.91,0.14,0.02,MFGTMP_210724100003_M16f00d0.PNG,0,61,1,1104,61,0.102876328,0.028419927,0.24856947,0.138118814,0.12684062,0.07302968,0.380245769,0.044475477,43130,5957.0645,0.16549553,9c8d65c7123ea4c742c6d8a9b4b6c9d8,0,0,0,0,0,0,0,/Volumes/research/wangj59lab/wangj59labspace/Jasper/CX7/210723/MHCII + FcFGL1deltaCC polylysine/24h/TargetActivationAdvanced.V4.1_07-24-21_10;32;47,65535,0,0.082873339,0.070236673,-13.34338655,0.068416362,file:/Volumes/research/wangj59lab/wangj59labspace/Jasper/CX7/210723/MHCII%20%2B%20FcFGL1deltaCC%20polylysine/24h/TargetActivationAdvanced.V4.1_07-24-21_10%3B32%3B47/MFGTMP_210724100003_M16f00d0.PNG,1104
851,0,0,0.19,0,3.1,0.15,0.01,MFGTMP_210724100003_M16f01d0.PNG,0,62,1,1104,62,0.103593498,0.032593265,0.24856947,0.142851517,0.13121232,0.07237354,0.515151515,0.04668275,42900,6128.33,0.175051495,caa6cbc807318027fd8af329c0f7a846,0,0,0,0,0,0,0,/Volumes/research/wangj59lab/wangj59labspace/Jasper/CX7/210723/MHCII + FcFGL1deltaCC polylysine/24h/TargetActivationAdvanced.V4.1_07-24-21_10;32;47,65535,0,0.085565719,0.071053434,-13.54977497,0.07573424,file:/Volumes/research/wangj59lab/wangj59labspace/Jasper/CX7/210723/MHCII%20%2B%20FcFGL1deltaCC%20polylysine/24h/TargetActivationAdvanced.V4.1_07-24-21_10%3B32%3B47/MFGTMP_210724100003_M16f01d0.PNG,1104
772,0,0,0.27,0,3.05,0.15,0.01,MFGTMP_210724100003_M16f02d0.PNG,0,63,1,1104,63,0.099061571,0.028931104,0.24856947,0.133655641,0.12297246,0.06849775,0.247456695,0.043512575,36370,4861.0557,0.161573961,72b2cccf3404f7d9f0d5fecca9efe629,0,0,0,0,0,0,0,/Volumes/research/wangj59lab/wangj59labspace/Jasper/CX7/210723/MHCII + FcFGL1deltaCC polylysine/24h/TargetActivationAdvanced.V4.1_07-24-21_10;32;47,65535,0,0.07914581,0.068640866,-13.40478935,0.066984788,file:/Volumes/research/wangj59lab/wangj59labspace/Jasper/CX7/210723/MHCII%20%2B%20FcFGL1deltaCC%20polylysine/24h/TargetActivationAdvanced.V4.1_07-24-21_10%3B32%3B47/MFGTMP_210724100003_M16f02d0.PNG,1104
633,0,0,0.29,0,3.05,0.13,0.01,MFGTMP_210724100003_M16f03d0.PNG,0,64,1,1104,64,0.092866406,0.024841689,0.24856947,0.124879256,0.11309987,0.0646067,0.513622153,0.042139865,26868,3355.2559,0.149492636,ec3c45c9e643e3286df6dcb044624f19,0,0,0,0,0,0,0,/Volumes/research/wangj59lab/wangj59labspace/Jasper/CX7/210723/MHCII + FcFGL1deltaCC polylysine/24h/TargetActivationAdvanced.V4.1_07-24-21_10;32;47,65535,0,0.07443372,0.065735443,-13.38401778,0.055713933,file:/Volumes/research/wangj59lab/wangj59labspace/Jasper/CX7/210723/MHCII%20%2B%20FcFGL1deltaCC%20polylysine/24h/TargetActivationAdvanced.V4.1_07-24-21_10%3B32%3B47/MFGTMP_210724100003_M16f03d0.PNG,1104
576,0,0,0.31,0,3.02,0.12,0.01,MFGTMP_210724100003_M17f00d0.PNG,0,65,1,1104,65,0.099061571,0.028412297,0.24856947,0.133440065,0.12405585,0.06941329,0.606060606,0.042781048,27225,3632.9058,0.159410998,f9e4ee313d8daf54306bea48f1ec1131,0,0,0,0,0,0,0,/Volumes/research/wangj59lab/wangj59labspace/Jasper/CX7/210723/MHCII + FcFGL1deltaCC polylysine/24h/TargetActivationAdvanced.V4.1_07-24-21_10;32;47,65535,0,0.07809154,0.067014085,-13.25041647,0.058026528,file:/Volumes/research/wangj59lab/wangj59labspace/Jasper/CX7/210723/MHCII%20%2B%20FcFGL1deltaCC%20polylysine/24h/TargetActivationAdvanced.V4.1_07-24-21_10%3B32%3B47/MFGTMP_210724100003_M17f00d0.PNG,1104
927,0,0,0.27,0,2.95,0.13,0.02,MFGTMP_210724100003_M17f01d0.PNG,0,66,1,1104,66,0.102342263,0.028671697,0.24856947,0.137768918,0.12625314,0.07327382,0.606612072,0.044493545,46158,6359.1377,0.166292816,1abc75d73b9b84afdcd087995c60d172,0,0,0,0,0,0,0,/Volumes/research/wangj59lab/wangj59labspace/Jasper/CX7/210723/MHCII + FcFGL1deltaCC polylysine/24h/TargetActivationAdvanced.V4.1_07-24-21_10;32;47,65535,0,0.08299016,0.070625076,-13.54566291,0.072507447,file:/Volumes/research/wangj59lab/wangj59labspace/Jasper/CX7/210723/MHCII%20%2B%20FcFGL1deltaCC%20polylysine/24h/TargetActivationAdvanced.V4.1_07-24-21_10%3B32%3B47/MFGTMP_210724100003_M17f01d0.PNG,1104
672,0,0,0.21,0,2.9,0.13,0.01,MFGTMP_210724100003_M17f02d0.PNG,0,67,1,1104,67,0.094880596,0.026779585,0.24856947,0.128356536,0.11773861,0.06622416,0.094854937,0.042327724,30573,3924.2444,0.153017476,93694c56d1b175b326e0d4675c189166,0,0,0,0,0,0,0,/Volumes/research/wangj59lab/wangj59labspace/Jasper/CX7/210723/MHCII + FcFGL1deltaCC polylysine/24h/TargetActivationAdvanced.V4.1_07-24-21_10;32;47,65535,0,0.076631413,0.067316576,-13.48697938,0.05978449,file:/Volumes/research/wangj59lab/wangj59labspace/Jasper/CX7/210723/MHCII%20%2B%20FcFGL1deltaCC%20polylysine/24h/TargetActivationAdvanced.V4.1_07-24-21_10%3B32%3B47/MFGTMP_210724100003_M17f02d0.PNG,1104
435,0,0,0.19,0,3.01,0.13,0.01,MFGTMP_210724100003_M17f03d0.PNG,0,68,1,1104,68,0.094003208,0.030869,0.24856947,0.131596804,0.12095827,0.06306554,1.316655695,0.046524953,19747,2598.642,0.158464938,ff75e66df1711b8b1db0a9bf0f6c5b36,0,0,0,0,0,0,0,/Volumes/research/wangj59lab/wangj59labspace/Jasper/CX7/210723/MHCII + FcFGL1deltaCC polylysine/24h/TargetActivationAdvanced.V4.1_07-24-21_10;32;47,65535,0,0.073271217,0.063770197,-13.42042789,0.055243655,file:/Volumes/research/wangj59lab/wangj59labspace/Jasper/CX7/210723/MHCII%20%2B%20FcFGL1deltaCC%20polylysine/24h/TargetActivationAdvanced.V4.1_07-24-21_10%3B32%3B47/MFGTMP_210724100003_M17f03d0.PNG,1104
934,0,0,0.18,0,3.04,0.13,0.01,MFGTMP_210724100003_M18f00d0.PNG,0,69,1,1104,69,0.106996261,0.0320592,0.24856947,0.146241163,0.13441673,0.07660029,1.205964349,0.047881637,47348,6924.2266,0.178927287,001413b60d39b6616f5548486a087592,0,0,0,0,0,0,0,/Volumes/research/wangj59lab/wangj59labspace/Jasper/CX7/210723/MHCII + FcFGL1deltaCC polylysine/24h/TargetActivationAdvanced.V4.1_07-24-21_10;32;47,65535,0,0.088324688,0.0735958,-13.51693993,0.080555163,file:/Volumes/research/wangj59lab/wangj59labspace/Jasper/CX7/210723/MHCII%20%2B%20FcFGL1deltaCC%20polylysine/24h/TargetActivationAdvanced.V4.1_07-24-21_10%3B32%3B47/MFGTMP_210724100003_M18f00d0.PNG,1104
1053,0,0,0.18,0,3.13,0.16,0.01,MFGTMP_210724100003_M18f01d0.PNG,0,70,1,1104,70,0.100877397,0.027954526,0.24856947,0.135569689,0.12495613,0.07199206,0.43175956,0.043644924,53502,7253.2495,0.161669344,91bea1b416d7f65771ab31a1319db5b9,0,0,0,0,0,0,0,/Volumes/research/wangj59lab/wangj59labspace/Jasper/CX7/210723/MHCII + FcFGL1deltaCC polylysine/24h/TargetActivationAdvanced.V4.1_07-24-21_10;32;47,65535,0,0.083577642,0.071791837,-13.58952265,0.08084454,file:/Volumes/research/wangj59lab/wangj59labspace/Jasper/CX7/210723/MHCII%20%2B%20FcFGL1deltaCC%20polylysine/24h/TargetActivationAdvanced.V4.1_07-24-21_10%3B32%3B47/MFGTMP_210724100003_M18f01d0.PNG,1104
790,0,0,0.16,0,3.06,0.13,0.01,MFGTMP_210724100003_M18f02d0.PNG,0,71,1,1104,71,0.096772715,0.026062407,0.24856947,0.131143476,0.117814906,0.07048142,0.389126235,0.044830326,36749,4819.3916,0.15844968,6229c5623f7d350dd6835f62ab5caf21,0,0,0,0,0,0,0,/Volumes/research/wangj59lab/wangj59labspace/Jasper/CX7/210723/MHCII + FcFGL1deltaCC polylysine/24h/TargetActivationAdvanced.V4.1_07-24-21_10;32;47,65535,0,0.078797514,0.068049651,-13.49179745,0.063131177,file:/Volumes/research/wangj59lab/wangj59labspace/Jasper/CX7/210723/MHCII%20%2B%20FcFGL1deltaCC%20polylysine/24h/TargetActivationAdvanced.V4.1_07-24-21_10%3B32%3B47/MFGTMP_210724100003_M18f02d0.PNG,1104
725,0,0,0.16,0,2.89,0.14,0.01,MFGTMP_210724100003_M18f03d0.PNG,0,72,1,1104,72,0.095857173,0.029739834,0.24856947,0.131865662,0.12239262,0.06775006,0.125,0.045281835,32000,4219.701,0.157045856,6cb8b8dd094341540d62e5bdd4078292,0,0,0,0,0,0,0,/Volumes/research/wangj59lab/wangj59labspace/Jasper/CX7/210723/MHCII + FcFGL1deltaCC polylysine/24h/TargetActivationAdvanced.V4.1_07-24-21_10;32;47,65535,0,0.077122392,0.06686357,-13.40160221,0.066961675,file:/Volumes/research/wangj59lab/wangj59labspace/Jasper/CX7/210723/MHCII%20%2B%20FcFGL1deltaCC%20polylysine/24h/TargetActivationAdvanced.V4.1_07-24-21_10%3B32%3B47/MFGTMP_210724100003_M18f03d0.PNG,1104
343,0,0,0.17,0,2.87,0.12,0.01,MFGTMP_210724100003_M19f00d0.PNG,0,73,1,1104,73,0.095689327,0.025970854,0.24856947,0.124855566,0.11465629,0.06280614,0.346716594,0.040016796,14421,1800.5421,0.149736777,add8084cedf537a2a256f2ef9b665de5,0,0,0,0,0,0,0,/Volumes/research/wangj59lab/wangj59labspace/Jasper/CX7/210723/MHCII + FcFGL1deltaCC polylysine/24h/TargetActivationAdvanced.V4.1_07-24-21_10;32;47,65535,0,0.071460567,0.062853749,-13.2304312,0.046766594,file:/Volumes/research/wangj59lab/wangj59labspace/Jasper/CX7/210723/MHCII%20%2B%20FcFGL1deltaCC%20polylysine/24h/TargetActivationAdvanced.V4.1_07-24-21_10%3B32%3B47/MFGTMP_210724100003_M19f00d0.PNG,1104
434,0,0,0.16,0,2.9,0.12,0.02,MFGTMP_210724100003_M19f01d0.PNG,0,74,1,1104,74,0.095109485,0.02258335,0.24856947,0.128192291,0.11328298,0.06738384,0.670260819,0.04590636,20589,2639.351,0.149187461,b2bd5e94cf3e019bbc98a72388f170ab,0,0,0,0,0,0,0,/Volumes/research/wangj59lab/wangj59labspace/Jasper/CX7/210723/MHCII + FcFGL1deltaCC polylysine/24h/TargetActivationAdvanced.V4.1_07-24-21_10;32;47,65535,0,0.074189352,0.063632179,-13.24784194,0.048095221,file:/Volumes/research/wangj59lab/wangj59labspace/Jasper/CX7/210723/MHCII%20%2B%20FcFGL1deltaCC%20polylysine/24h/TargetActivationAdvanced.V4.1_07-24-21_10%3B32%3B47/MFGTMP_210724100003_M19f01d0.PNG,1104
489,0,0,0.16,0,2.93,0.12,0.01,MFGTMP_210724100003_M19f02d0.PNG,0,75,1,1104,75,0.087403677,0.019348435,0.24856947,0.113334851,0.10521095,0.061631188,0.297790586,0.035630737,20820,2359.6316,0.128267333,aab2673c23a89cf52363996c34a8e8be,0,0,0,0,0,0,0,/Volumes/research/wangj59lab/wangj59labspace/Jasper/CX7/210723/MHCII + FcFGL1deltaCC polylysine/24h/TargetActivationAdvanced.V4.1_07-24-21_10;32;47,65535,0,0.069937142,0.062332645,-13.18512645,0.037488657,file:/Volumes/research/wangj59lab/wangj59labspace/Jasper/CX7/210723/MHCII%20%2B%20FcFGL1deltaCC%20polylysine/24h/TargetActivationAdvanced.V4.1_07-24-21_10%3B32%3B47/MFGTMP_210724100003_M19f02d0.PNG,1104
388,0,0,0.22,0,2.92,0.12,0.02,MFGTMP_210724100003_M19f03d0.PNG,0,76,1,1104,76,0.091630429,0.024086364,0.24856947,0.121023632,0.11181811,0.06405737,0.283575318,0.03892421,17632,2133.8887,0.14353399,1070158d4c8169b6ede2a7c323bfb10c,0,0,0,0,0,0,0,/Volumes/research/wangj59lab/wangj59labspace/Jasper/CX7/210723/MHCII + FcFGL1deltaCC polylysine/24h/TargetActivationAdvanced.V4.1_07-24-21_10;32;47,65535,0,0.071113662,0.061923361,-13.18578382,0.04425797,file:/Volumes/research/wangj59lab/wangj59labspace/Jasper/CX7/210723/MHCII%20%2B%20FcFGL1deltaCC%20polylysine/24h/TargetActivationAdvanced.V4.1_07-24-21_10%3B32%3B47/MFGTMP_210724100003_M19f03d0.PNG,1104
573,0,0,0.24,0,3.01,0.12,0.01,MFGTMP_210724100003_M20f00d0.PNG,0,77,1,1104,77,0.099351488,0.025833525,0.24855421,0.131361123,0.12150759,0.065918975,0.690505549,0.04230205,24330,3196.016,0.154341191,c096b3ceb622e6cf88f73fe55136b608,0,0,0,0,0,0,0,/Volumes/research/wangj59lab/wangj59labspace/Jasper/CX7/210723/MHCII + FcFGL1deltaCC polylysine/24h/TargetActivationAdvanced.V4.1_07-24-21_10;32;47,65535,0,0.075530588,0.066017869,-13.38054647,0.055661739,file:/Volumes/research/wangj59lab/wangj59labspace/Jasper/CX7/210723/MHCII%20%2B%20FcFGL1deltaCC%20polylysine/24h/TargetActivationAdvanced.V4.1_07-24-21_10%3B32%3B47/MFGTMP_210724100003_M20f00d0.PNG,1104
697,0,0,0.15,0,2.98,0.14,0.01,MFGTMP_210724100003_M20f01d0.PNG,0,78,1,1104,78,0.097917147,0.029251538,0.24858473,0.13473196,0.12227054,0.07193103,0.00307248,0.045817785,32547,4385.121,0.162653551,c3ef8abbb08519c1e88b6076c107d991,0,0,0,0,0,0,0,/Volumes/research/wangj59lab/wangj59labspace/Jasper/CX7/210723/MHCII + FcFGL1deltaCC polylysine/24h/TargetActivationAdvanced.V4.1_07-24-21_10;32;47,65535,0,0.079746808,0.06777601,-13.33987141,0.065094593,file:/Volumes/research/wangj59lab/wangj59labspace/Jasper/CX7/210723/MHCII%20%2B%20FcFGL1deltaCC%20polylysine/24h/TargetActivationAdvanced.V4.1_07-24-21_10%3B32%3B47/MFGTMP_210724100003_M20f01d0.PNG,1104
509,0,0,0.18,0,2.99,0.12,0.01,MFGTMP_210724100003_M20f02d0.PNG,0,79,1,1104,79,0.09246967,0.023025863,0.24856947,0.124752641,0.11134508,0.06790265,0.064076159,0.043386523,21849,2725.7205,0.147066459,bfe38684c218dc0822f31fff4a42e185,0,0,0,0,0,0,0,/Volumes/research/wangj59lab/wangj59labspace/Jasper/CX7/210723/MHCII + FcFGL1deltaCC polylysine/24h/TargetActivationAdvanced.V4.1_07-24-21_10;32;47,65535,0,0.074387785,0.064333636,-13.27327725,0.046216126,file:/Volumes/research/wangj59lab/wangj59labspace/Jasper/CX7/210723/MHCII%20%2B%20FcFGL1deltaCC%20polylysine/24h/TargetActivationAdvanced.V4.1_07-24-21_10%3B32%3B47/MFGTMP_210724100003_M20f02d0.PNG,1104
508,0,0,0.17,0,3.01,0.13,0.01,MFGTMP_210724100003_M20f03d0.PNG,0,80,1,1104,80,0.091462575,0.023506522,0.24856947,0.120576508,0.111177236,0.06205844,0.334626576,0.039418764,20620,2486.2876,0.142275125,a5d3af975966035a83dd05fc67ac94a8,0,0,0,0,0,0,0,/Volumes/research/wangj59lab/wangj59labspace/Jasper/CX7/210723/MHCII + FcFGL1deltaCC polylysine/24h/TargetActivationAdvanced.V4.1_07-24-21_10;32;47,65535,0,0.071703732,0.063678151,-13.36356726,0.05032195,file:/Volumes/research/wangj59lab/wangj59labspace/Jasper/CX7/210723/MHCII%20%2B%20FcFGL1deltaCC%20polylysine/24h/TargetActivationAdvanced.V4.1_07-24-21_10%3B32%3B47/MFGTMP_210724100003_M20f03d0.PNG,1104
312,0,0,0.16,0,3.02,0.1,0.01,MFGTMP_210724100003_M21f00d0.PNG,0,81,1,1104,81,0.089417867,0.02130159,0.24855421,0.11660722,0.108613715,0.06085298,1.071839844,0.03838365,11289,1316.3789,0.134004727,b99d232f912e11b0b70cfe6580e8a9a7,0,0,0,0,0,0,0,/Volumes/research/wangj59lab/wangj59labspace/Jasper/CX7/210723/MHCII + FcFGL1deltaCC polylysine/24h/TargetActivationAdvanced.V4.1_07-24-21_10;32;47,65535,0,0.071106245,0.063817742,-13.18358616,0.037987314,file:/Volumes/research/wangj59lab/wangj59labspace/Jasper/CX7/210723/MHCII%20%2B%20FcFGL1deltaCC%20polylysine/24h/TargetActivationAdvanced.V4.1_07-24-21_10%3B32%3B47/MFGTMP_210724100003_M21f00d0.PNG,1104
462,0,0,0.18,0,3.03,0.12,0.01,MFGTMP_210724100003_M21f01d0.PNG,0,82,1,1104,82,0.096269168,0.026909288,0.24856947,0.127423256,0.11821164,0.067124434,0.128824477,0.0399866,18630,2373.8953,0.1529717,a8054ef8bbe77c6aa2975f02e115f801,0,0,0,0,0,0,0,/Volumes/research/wangj59lab/wangj59labspace/Jasper/CX7/210723/MHCII + FcFGL1deltaCC polylysine/24h/TargetActivationAdvanced.V4.1_07-24-21_10;32;47,65535,0,0.074714678,0.06546981,-13.27650431,0.047909146,file:/Volumes/research/wangj59lab/wangj59labspace/Jasper/CX7/210723/MHCII%20%2B%20FcFGL1deltaCC%20polylysine/24h/TargetActivationAdvanced.V4.1_07-24-21_10%3B32%3B47/MFGTMP_210724100003_M21f01d0.PNG,1104
549,0,0,0.22,0,3.1,0.13,0.01,MFGTMP_210724100003_M21f02d0.PNG,0,83,1,1104,83,0.092240788,0.021667808,0.24856947,0.120478836,0.11046006,0.06468299,0.012872774,0.038556125,23305,2807.7593,0.140611887,ff962d48a9128d57323183964e8293e4,0,0,0,0,0,0,0,/Volumes/research/wangj59lab/wangj59labspace/Jasper/CX7/210723/MHCII + FcFGL1deltaCC polylysine/24h/TargetActivationAdvanced.V4.1_07-24-21_10;32;47,65535,0,0.073769898,0.065342402,-13.19265771,0.045336961,file:/Volumes/research/wangj59lab/wangj59labspace/Jasper/CX7/210723/MHCII%20%2B%20FcFGL1deltaCC%20polylysine/24h/TargetActivationAdvanced.V4.1_07-24-21_10%3B32%3B47/MFGTMP_210724100003_M21f02d0.PNG,1104
402,0,0,0.16,0,2.85,0.12,0.01,MFGTMP_210724100003_M21f03d0.PNG,0,84,1,1104,84,0.090318151,0.023041122,0.24856947,0.120235409,0.10855268,0.06404211,0.111228519,0.039593548,17981,2161.953,0.145448998,618a19e6ee944cf4bdd14185f9be917d,0,0,0,0,0,0,0,/Volumes/research/wangj59lab/wangj59labspace/Jasper/CX7/210723/MHCII + FcFGL1deltaCC polylysine/24h/TargetActivationAdvanced.V4.1_07-24-21_10;32;47,65535,0,0.071476083,0.06313765,-13.20045372,0.042749353,file:/Volumes/research/wangj59lab/wangj59labspace/Jasper/CX7/210723/MHCII%20%2B%20FcFGL1deltaCC%20polylysine/24h/TargetActivationAdvanced.V4.1_07-24-21_10%3B32%3B47/MFGTMP_210724100003_M21f03d0.PNG,1104
302,0,0,0.17,0,2.82,0.11,0.01,MFGTMP_210724100003_M22f00d0.PNG,0,85,1,1104,85,0.099649042,0.031250477,0.24856947,0.139234587,0.12581064,0.07292286,1.033453265,0.04793997,13063,1818.8214,0.169810027,aecca0b7f496292a9cf5dc9e87635ad0,0,0,0,0,0,0,0,/Volumes/research/wangj59lab/wangj59labspace/Jasper/CX7/210723/MHCII + FcFGL1deltaCC polylysine/24h/TargetActivationAdvanced.V4.1_07-24-21_10;32;47,65535,0,0.077680035,0.065537612,-13.32923947,0.04261472,file:/Volumes/research/wangj59lab/wangj59labspace/Jasper/CX7/210723/MHCII%20%2B%20FcFGL1deltaCC%20polylysine/24h/TargetActivationAdvanced.V4.1_07-24-21_10%3B32%3B47/MFGTMP_210724100003_M22f00d0.PNG,1104
340,0,0,0.22,0,3.02,0.11,0.01,MFGTMP_210724100003_M22f01d0.PNG,0,86,1,1104,86,0.099519342,0.029816128,0.24856947,0.136778912,0.12462043,0.07322805,0.012492973,0.045483984,16009,2189.6936,0.164858475,6ba9c67bbbb34d333d5afec2d7026c53,0,0,0,0,0,0,0,/Volumes/research/wangj59lab/wangj59labspace/Jasper/CX7/210723/MHCII + FcFGL1deltaCC polylysine/24h/TargetActivationAdvanced.V4.1_07-24-21_10;32;47,65535,0,0.077345765,0.065738692,-13.18478307,0.044157135,file:/Volumes/research/wangj59lab/wangj59labspace/Jasper/CX7/210723/MHCII%20%2B%20FcFGL1deltaCC%20polylysine/24h/TargetActivationAdvanced.V4.1_07-24-21_10%3B32%3B47/MFGTMP_210724100003_M22f01d0.PNG,1104
298,0,0,0.25,0,3.16,0.12,0.02,MFGTMP_210724100003_M22f02d0.PNG,0,87,1,1104,87,0.096398868,0.029236287,0.24856947,0.136264014,0.12001221,0.07470817,1.876335999,0.04895735,12631,1721.1508,0.168451972,c6de49fba11a5e17988e73022b507be6,0,0,0,0,0,0,0,/Volumes/research/wangj59lab/wangj59labspace/Jasper/CX7/210723/MHCII + FcFGL1deltaCC polylysine/24h/TargetActivationAdvanced.V4.1_07-24-21_10;32;47,65535,0,0.07904524,0.065198233,-13.25330471,0.036656183,file:/Volumes/research/wangj59lab/wangj59labspace/Jasper/CX7/210723/MHCII%20%2B%20FcFGL1deltaCC%20polylysine/24h/TargetActivationAdvanced.V4.1_07-24-21_10%3B32%3B47/MFGTMP_210724100003_M22f02d0.PNG,1104
283,0,0,0.21,0,3.03,0.12,0.01,MFGTMP_210724100003_M22f03d0.PNG,0,88,1,1104,88,0.091554135,0.025047682,0.24856947,0.121954607,0.11278706,0.065308616,0.399721933,0.03941225,11508,1403.4536,0.145464256,47efd76ee562fbd600025205a789ffac,0,0,0,0,0,0,0,/Volumes/research/wangj59lab/wangj59labspace/Jasper/CX7/210723/MHCII + FcFGL1deltaCC polylysine/24h/TargetActivationAdvanced.V4.1_07-24-21_10;32;47,65535,0,0.071942294,0.063324385,-13.22895975,0.036909217,file:/Volumes/research/wangj59lab/wangj59labspace/Jasper/CX7/210723/MHCII%20%2B%20FcFGL1deltaCC%20polylysine/24h/TargetActivationAdvanced.V4.1_07-24-21_10%3B32%3B47/MFGTMP_210724100003_M22f03d0.PNG,1104
278,0,0,0.25,0,3.01,0.1,0.02,MFGTMP_210724100003_M23f00d0.PNG,0,89,1,1104,89,0.093347065,0.028244458,0.24856947,0.128577633,0.11779965,0.066804,0.297419169,0.045247737,10423,1340.1647,0.153589681,f54f8b8206b445439f6abafc29e2d0e8,0,0,0,0,0,0,0,/Volumes/research/wangj59lab/wangj59labspace/Jasper/CX7/210723/MHCII + FcFGL1deltaCC polylysine/24h/TargetActivationAdvanced.V4.1_07-24-21_10;32;47,65535,0,0.074825968,0.066470488,-13.3428226,0.042096676,file:/Volumes/research/wangj59lab/wangj59labspace/Jasper/CX7/210723/MHCII%20%2B%20FcFGL1deltaCC%20polylysine/24h/TargetActivationAdvanced.V4.1_07-24-21_10%3B32%3B47/MFGTMP_210724100003_M23f00d0.PNG,1104
273,0,0,0.23,0,2.86,0.12,0.01,MFGTMP_210724100003_M23f01d0.PNG,0,90,1,1104,90,0.099038683,0.028305486,0.24856947,0.134403895,0.12269779,0.07046616,1.526024911,0.045336753,12123,1629.3784,0.160631724,f4ed1d1dcf59eee243ca5539acf70ac4,0,0,0,0,0,0,0,/Volumes/research/wangj59lab/wangj59labspace/Jasper/CX7/210723/MHCII + FcFGL1deltaCC polylysine/24h/TargetActivationAdvanced.V4.1_07-24-21_10;32;47,65535,0,0.076744648,0.066426819,-13.31157544,0.038960484,file:/Volumes/research/wangj59lab/wangj59labspace/Jasper/CX7/210723/MHCII%20%2B%20FcFGL1deltaCC%20polylysine/24h/TargetActivationAdvanced.V4.1_07-24-21_10%3B32%3B47/MFGTMP_210724100003_M23f01d0.PNG,1104
346,0,0,0.21,0,2.88,0.11,0.01,MFGTMP_210724100003_M23f02d0.PNG,0,91,1,1104,91,0.098115511,0.026596472,0.24856947,0.133290504,0.120302126,0.07330434,2.9379089,0.045824822,16202,2159.5728,0.158388644,91eaa1b54339c6cddcfdcbc00e5264ed,0,0,0,0,0,0,0,/Volumes/research/wangj59lab/wangj59labspace/Jasper/CX7/210723/MHCII + FcFGL1deltaCC polylysine/24h/TargetActivationAdvanced.V4.1_07-24-21_10;32;47,65535,0,0.078625296,0.066893347,-13.16945192,0.037449069,file:/Volumes/research/wangj59lab/wangj59labspace/Jasper/CX7/210723/MHCII%20%2B%20FcFGL1deltaCC%20polylysine/24h/TargetActivationAdvanced.V4.1_07-24-21_10%3B32%3B47/MFGTMP_210724100003_M23f02d0.PNG,1104
395,0,0,0.23,0,3.01,0.11,0.01,MFGTMP_210724100003_M23f03d0.PNG,0,92,1,1104,92,0.087350272,0.02551309,0.24856947,0.121694693,0.10617227,0.064271,0.325300405,0.04675319,15063,1833.0872,0.146280617,62cb1b668e053da1b2499a00114421ff,0,0,0,0,0,0,0,/Volumes/research/wangj59lab/wangj59labspace/Jasper/CX7/210723/MHCII + FcFGL1deltaCC polylysine/24h/TargetActivationAdvanced.V4.1_07-24-21_10;32;47,65535,0,0.073382276,0.065218562,-13.29758049,0.042500753,file:/Volumes/research/wangj59lab/wangj59labspace/Jasper/CX7/210723/MHCII%20%2B%20FcFGL1deltaCC%20polylysine/24h/TargetActivationAdvanced.V4.1_07-24-21_10%3B32%3B47/MFGTMP_210724100003_M23f03d0.PNG,1104
211,0,0,0.28,0,3.02,0.11,0.01,MFGTMP_210724100003_M24f00d0.PNG,0,93,1,1104,93,0.106961928,0.032959487,0.24856947,0.14841979,0.13294423,0.07531853,3.127522195,0.050193597,9912,1471.137,0.182131682,663efeddf8588c12f47fa45b2e9a48ed,0,0,0,0,0,0,0,/Volumes/research/wangj59lab/wangj59labspace/Jasper/CX7/210723/MHCII + FcFGL1deltaCC polylysine/24h/TargetActivationAdvanced.V4.1_07-24-21_10;32;47,65535,0,0.081763934,0.068130364,-13.02410711,0.038992744,file:/Volumes/research/wangj59lab/wangj59labspace/Jasper/CX7/210723/MHCII%20%2B%20FcFGL1deltaCC%20polylysine/24h/TargetActivationAdvanced.V4.1_07-24-21_10%3B32%3B47/MFGTMP_210724100003_M24f00d0.PNG,1104
309,0,0,0.24,0,3.03,0.12,0.03,MFGTMP_210724100003_M24f01d0.PNG,0,94,1,1104,94,0.100965135,0.024193175,0.24855421,0.131581288,0.12070649,0.07321279,1.754800126,0.041378297,12708,1672.135,0.15359731,3de4532260447249d09fefc54083cc60,0,0,0,0,0,0,0,/Volumes/research/wangj59lab/wangj59labspace/Jasper/CX7/210723/MHCII + FcFGL1deltaCC polylysine/24h/TargetActivationAdvanced.V4.1_07-24-21_10;32;47,65535,0,0.079056448,0.068755741,-13.2407291,0.036824893,file:/Volumes/research/wangj59lab/wangj59labspace/Jasper/CX7/210723/MHCII%20%2B%20FcFGL1deltaCC%20polylysine/24h/TargetActivationAdvanced.V4.1_07-24-21_10%3B32%3B47/MFGTMP_210724100003_M24f01d0.PNG,1104
330,0,0,0.17,0,3.06,0.12,0.01,MFGTMP_210724100003_M24f02d0.PNG,0,95,1,1104,95,0.107221335,0.031036846,0.24856947,0.149506089,0.13215838,0.084229805,2.965474723,0.051315013,16220,2424.9888,0.186617836,676ebac76b127d08fa087ed357c8ab9a,0,0,0,0,0,0,0,/Volumes/research/wangj59lab/wangj59labspace/Jasper/CX7/210723/MHCII + FcFGL1deltaCC polylysine/24h/TargetActivationAdvanced.V4.1_07-24-21_10;32;47,65535,0,0.087638676,0.069824413,-13.09202427,0.036184076,file:/Volumes/research/wangj59lab/wangj59labspace/Jasper/CX7/210723/MHCII%20%2B%20FcFGL1deltaCC%20polylysine/24h/TargetActivationAdvanced.V4.1_07-24-21_10%3B32%3B47/MFGTMP_210724100003_M24f02d0.PNG,1104
273,0,0,0.2,0,2.88,0.11,0.01,MFGTMP_210724100003_M24f03d0.PNG,0,96,1,1104,96,0.098939501,0.01797513,0.24856947,0.121252586,0.11714351,0.05162127,0.04038446,0.034068946,12381,1501.2283,0.134966046,c946d5be89e998e678492205168012ea,0,0,0,0,0,0,0,/Volumes/research/wangj59lab/wangj59labspace/Jasper/CX7/210723/MHCII + FcFGL1deltaCC polylysine/24h/TargetActivationAdvanced.V4.1_07-24-21_10;32;47,65535,0,0.073471514,0.066948203,-13.27965914,0.034721519,file:/Volumes/research/wangj59lab/wangj59labspace/Jasper/CX7/210723/MHCII%20%2B%20FcFGL1deltaCC%20polylysine/24h/TargetActivationAdvanced.V4.1_07-24-21_10%3B32%3B47/MFGTMP_210724100003_M24f03d0.PNG,1104
185,0,0,0.91,0,3.14,0.12,0.01,MFGTMP_210724100003_M01f00d0.PNG,0,1,1,1104,1,0.095700771,0.02033265,0.24855421,0.120383294,0.11472496,0.05026322,1.808298203,0.039132454,9014,1085.135,0.136671245,e86659cf3386d57b100183dbb3521416,0,0,0,0,0,0,0,/Volumes/research/wangj59lab/wangj59labspace/Jasper/CX7/210723/MHCII + FcFGL1deltaCC polylysine/24h/TargetActivationAdvanced.V4.1_07-24-21_10;32;47,65535,0,0.072434745,0.065993018,-13.35153973,0.032909321,file:/Volumes/research/wangj59lab/wangj59labspace/Jasper/CX7/210723/MHCII%20%2B%20FcFGL1deltaCC%20polylysine/24h/TargetActivationAdvanced.V4.1_07-24-21_10%3B32%3B47/MFGTMP_210724100003_M01f00d0.PNG,1104
173,0,0,0.92,0,3.21,0.11,0.01,MFGTMP_210724100003_M01f01d0.PNG,0,2,1,1104,2,0.098405436,0.017265584,0.24855421,0.120226762,0.11418326,0.047943845,1.188920826,0.038412586,7654,920.21564,0.13365759,e60736c0799201a0cab5d68d9fc4521f,0,0,0,0,0,0,0,/Volumes/research/wangj59lab/wangj59labspace/Jasper/CX7/210723/MHCII + FcFGL1deltaCC polylysine/24h/TargetActivationAdvanced.V4.1_07-24-21_10;32;47,65535,0,0.071888353,0.065531055,-13.19145248,0.032655296,file:/Volumes/research/wangj59lab/wangj59labspace/Jasper/CX7/210723/MHCII%20%2B%20FcFGL1deltaCC%20polylysine/24h/TargetActivationAdvanced.V4.1_07-24-21_10%3B32%3B47/MFGTMP_210724100003_M01f01d0.PNG,1104
222,0,0,0.9,0,3.23,0.11,0.01,MFGTMP_210724100003_M01f02d0.PNG,0,3,1,1104,3,0.105428398,0.015251391,0.24855421,0.123487991,0.119722284,0.054505225,1.549809382,0.032745387,12066,1490.0061,0.135721371,41b3cb09bd87d9aeb318915193008f6f,0,0,0,0,0,0,0,/Volumes/research/wangj59lab/wangj59labspace/Jasper/CX7/210723/MHCII + FcFGL1deltaCC polylysine/24h/TargetActivationAdvanced.V4.1_07-24-21_10;32;47,65535,0,0.072494138,0.066096389,-13.19236377,0.031691502,file:/Volumes/research/wangj59lab/wangj59labspace/Jasper/CX7/210723/MHCII%20%2B%20FcFGL1deltaCC%20polylysine/24h/TargetActivationAdvanced.V4.1_07-24-21_10%3B32%3B47/MFGTMP_210724100003_M01f02d0.PNG,1104
229,0,0,0.89,0,3.19,0.11,0.01,MFGTMP_210724100003_M01f03d0.PNG,0,4,1,1104,4,0.101789117,0.030258648,0.24855421,0.136583646,0.12553598,0.06912337,2.903225806,0.04500295,9300,1270.2279,0.166678116,b82678d9001b4b33c731a9cce249c7b4,0,0,0,0,0,0,0,/Volumes/research/wangj59lab/wangj59labspace/Jasper/CX7/210723/MHCII + FcFGL1deltaCC polylysine/24h/TargetActivationAdvanced.V4.1_07-24-21_10;32;47,65535,0,0.075474721,0.065640785,-13.26420286,0.037007474,file:/Volumes/research/wangj59lab/wangj59labspace/Jasper/CX7/210723/MHCII%20%2B%20FcFGL1deltaCC%20polylysine/24h/TargetActivationAdvanced.V4.1_07-24-21_10%3B32%3B47/MFGTMP_210724100003_M01f03d0.PNG,1104
265,0,0,0.91,0,3.19,0.11,0.01,MFGTMP_210724100003_M02f00d0.PNG,0,5,1,1104,5,0.10237278,0.02888532,0.24856947,0.142604953,0.1264515,0.076432444,4.532602176,0.050354794,11671,1664.3424,0.171305403,c433b263d4d1102dfae4d0812286104f,0,0,0,0,0,0,0,/Volumes/research/wangj59lab/wangj59labspace/Jasper/CX7/210723/MHCII + FcFGL1deltaCC polylysine/24h/TargetActivationAdvanced.V4.1_07-24-21_10;32;47,65535,0,0.080782401,0.065893518,-13.09975465,0.038328452,file:/Volumes/research/wangj59lab/wangj59labspace/Jasper/CX7/210723/MHCII%20%2B%20FcFGL1deltaCC%20polylysine/24h/TargetActivationAdvanced.V4.1_07-24-21_10%3B32%3B47/MFGTMP_210724100003_M02f00d0.PNG,1104
190,0,0,0.92,0,3.19,0.11,0.01,MFGTMP_210724100003_M02f01d0.PNG,0,6,1,1104,6,0.102258332,0.024124518,0.24856947,0.13736872,0.120546274,0.07498284,1.591568986,0.048052993,9299,1277.3917,0.162073702,c65e39dd337482fc879cc2ed5ff778cc,0,0,0,0,0,0,0,/Volumes/research/wangj59lab/wangj59labspace/Jasper/CX7/210723/MHCII + FcFGL1deltaCC polylysine/24h/TargetActivationAdvanced.V4.1_07-24-21_10;32;47,65535,0,0.079181584,0.065102392,-12.89716335,0.032219643,file:/Volumes/research/wangj59lab/wangj59labspace/Jasper/CX7/210723/MHCII%20%2B%20FcFGL1deltaCC%20polylysine/24h/TargetActivationAdvanced.V4.1_07-24-21_10%3B32%3B47/MFGTMP_210724100003_M02f01d0.PNG,1104
193,0,0,0.29,0,3.16,0.1,0.01,MFGTMP_210724100003_M02f02d0.PNG,0,7,1,1104,7,0.103246354,0.027504377,0.24856947,0.134728496,0.12549019,0.068528265,1.11443327,0.042629518,7358,991.3323,0.159792483,f15f23924393b85d94e65c15336ab851,0,0,0,0,0,0,0,/Volumes/research/wangj59lab/wangj59labspace/Jasper/CX7/210723/MHCII + FcFGL1deltaCC polylysine/24h/TargetActivationAdvanced.V4.1_07-24-21_10;32;47,65535,0,0.075780345,0.067119646,-13.17516458,0.029415114,file:/Volumes/research/wangj59lab/wangj59labspace/Jasper/CX7/210723/MHCII%20%2B%20FcFGL1deltaCC%20polylysine/24h/TargetActivationAdvanced.V4.1_07-24-21_10%3B32%3B47/MFGTMP_210724100003_M02f02d0.PNG,1104
238,0,0,0.31,0,3.03,0.12,0.01,MFGTMP_210724100003_M02f03d0.PNG,0,8,1,1104,8,0.095819026,0.030472264,0.24856947,0.129560314,0.12504768,0.0648661,0.209089909,0.04063635,9087,1177.3146,0.156786457,66f5f641bfb791985824870933df7919,0,0,0,0,0,0,0,/Volumes/research/wangj59lab/wangj59labspace/Jasper/CX7/210723/MHCII + FcFGL1deltaCC polylysine/24h/TargetActivationAdvanced.V4.1_07-24-21_10;32;47,65535,0,0.073552403,0.065508684,-13.33245221,0.035269765,file:/Volumes/research/wangj59lab/wangj59labspace/Jasper/CX7/210723/MHCII%20%2B%20FcFGL1deltaCC%20polylysine/24h/TargetActivationAdvanced.V4.1_07-24-21_10%3B32%3B47/MFGTMP_210724100003_M02f03d0.PNG,1104
168,0,0,0.22,0,3.11,0.12,0.01,MFGTMP_210724100003_M03f00d0.PNG,0,9,1,1104,9,0.102986954,0.03595025,0.24856947,0.148516734,0.13292134,0.08314641,0.036452005,0.051865466,8230,1222.2927,0.186964974,c361ee25304e362cc80d2ffd48faccb9,0,0,0,0,0,0,0,/Volumes/research/wangj59lab/wangj59labspace/Jasper/CX7/210723/MHCII + FcFGL1deltaCC polylysine/24h/TargetActivationAdvanced.V4.1_07-24-21_10;32;47,65535,0,0.087022394,0.065204787,-13.13292527,0.04187496,file:/Volumes/research/wangj59lab/wangj59labspace/Jasper/CX7/210723/MHCII%20%2B%20FcFGL1deltaCC%20polylysine/24h/TargetActivationAdvanced.V4.1_07-24-21_10%3B32%3B47/MFGTMP_210724100003_M03f00d0.PNG,1104
303,0,0,0.45,0,3.05,0.11,0.01,MFGTMP_210724100003_M03f01d0.PNG,0,10,1,1104,10,0.090951398,0.023117423,0.24856947,0.122596387,0.11020066,0.06755169,0.098887515,0.041461404,12135,1487.7072,0.144205391,2ee8ba3d751b443ff135af4711107316,0,0,0,0,0,0,0,/Volumes/research/wangj59lab/wangj59labspace/Jasper/CX7/210723/MHCII + FcFGL1deltaCC polylysine/24h/TargetActivationAdvanced.V4.1_07-24-21_10;32;47,65535,0,0.074622759,0.06411674,-12.7042413,0.036038427,file:/Volumes/research/wangj59lab/wangj59labspace/Jasper/CX7/210723/MHCII%20%2B%20FcFGL1deltaCC%20polylysine/24h/TargetActivationAdvanced.V4.1_07-24-21_10%3B32%3B47/MFGTMP_210724100003_M03f01d0.PNG,1104
238,0,0,0.31,0,3.06,0.11,0.01,MFGTMP_210724100003_M03f02d0.PNG,0,11,1,1104,11,0.098023959,0.029320206,0.24856947,0.137081777,0.1214313,0.07188525,0.346373268,0.04995673,9816,1345.5947,0.165705353,7cf2ed6a4b160e7902fdab45a2fafb56,0,0,0,0,0,0,0,/Volumes/research/wangj59lab/wangj59labspace/Jasper/CX7/210723/MHCII + FcFGL1deltaCC polylysine/24h/TargetActivationAdvanced.V4.1_07-24-21_10;32;47,65535,0,0.076409663,0.064252618,-13.07631089,0.034253142,file:/Volumes/research/wangj59lab/wangj59labspace/Jasper/CX7/210723/MHCII%20%2B%20FcFGL1deltaCC%20polylysine/24h/TargetActivationAdvanced.V4.1_07-24-21_10%3B32%3B47/MFGTMP_210724100003_M03f02d0.PNG,1104
246,0,0,0.27,0,2.9,0.11,0.01,MFGTMP_210724100003_M03f03d0.PNG,0,12,1,1104,12,0.092950329,0.028534375,0.24856947,0.129797813,0.116151676,0.0639353,0.108613012,0.048537455,9207,1195.0485,0.154787518,e3a0f9abdfef73be48f3b04c792d9933,0,0,0,0,0,0,0,/Volumes/research/wangj59lab/wangj59labspace/Jasper/CX7/210723/MHCII + FcFGL1deltaCC polylysine/24h/TargetActivationAdvanced.V4.1_07-24-21_10;32;47,65535,0,0.071523187,0.063607423,-13.2673944,0.036771893,file:/Volumes/research/wangj59lab/wangj59labspace/Jasper/CX7/210723/MHCII%20%2B%20FcFGL1deltaCC%20polylysine/24h/TargetActivationAdvanced.V4.1_07-24-21_10%3B32%3B47/MFGTMP_210724100003_M03f03d0.PNG,1104
,,,,,,,,,,,,,,,,,,,,,,,,,,,,,,,,,,,,,,,,,
,,,,,,,,,,,,,,,,,,,,,,,,,,,,,,,,,,,,,,,,,
,,,,,,,,,,,,,,,,,,,,,,,,,,,,,,,,,,,,,,,,,
,,,,,,,,,,,,,,,,,,,,,,,,,,,,,,,,,,,,,,,,,
,,,,,,,,,,,,,,,,,,,,,,,,,,,,,,,,,,,,,,,,,
,,,,,,,,,,,,,,,,,,,,,,,,,,,,,,,,,,,,,,,,,
,,,,,,,,,,,,,,,,,,,,,,,,,,,,,,,,,,,,,,,,,
,,,,,,,,,,,,,,,,,,,,,,,,,,,,,,,,,,,,,,,,,
,,,,,,,,,,,,,,,,,,,,,,,,,,,,,,,,,,,,,,,,,
,,,,,,,,,,,,,,,,,,,,,,,,,,,,,,,,,,,,,,,,,
,,,,,,,,,,,,,,,,,,,,,,,,,,,,,,,,,,,,,,,,,
,,,,,,,,,,,,,,,,,,,,,,,,,,,,,,,,,,,,,,,,,
,,,,,,,,,,,,,,,,,,,,,,,,,,,,,,,,,,,,,,,,,
,,,,,,,,,,,,,,,,,,,,,,,,,,,,,,,,,,,,,,,,,
,,,,,,,,,,,,,,,,,,,,,,,,,,,,,,,,,,,,,,,,,
,,,,,,,,,,,,,,,,,,,,,,,,,,,,,,,,,,,,,,,,,
,,,,,,,,,,,,,,,,,,,,,,,,,,,,,,,,,,,,,,,,,
,,,,,,,,,,,,,,,,,,,,,,,,,,,,,,,,,,,,,,,,,
,,,,,,,,,,,,,,,,,,,,,,,,,,,,,,,,,,,,,,,,,
,,,,,,,,,,,,,,,,,,,,,,,,,,,,,,,,,,,,,,,,,
,,,,,,,,,,,,,,,,,,,,,,,,,,,,,,,,,,,,,,,,,
,,,,,,,,,,,,,,,,,,,,,,,,,,,,,,,,,,,,,,,,,
,,,,,,,,,,,,,,,,,,,,,,,,,,,,,,,,,,,,,,,,,
,,,,,,,,,,,,,,,,,,,,,,,,,,,,,,,,,,,,,,,,,
,,,,,,,,,,,,,,,,,,,,,,,,,,,,,,,,,,,,,,,,,
,,,,,,,,,,,,,,,,,,,,,,,,,,,,,,,,,,,,,,,,,
,,,,,,,,,,,,,,,,,,,,,,,,,,,,,,,,,,,,,,,,,
,,,,,,,,,,,,,,,,,,,,,,,,,,,,,,,,,,,,,,,,,
,,,,,,,,,,,,,,,,,,,,,,,,,,,,,,,,,,,,,,,,,
,,,,,,,,,,,,,,,,,,,,,,,,,,,,,,,,,,,,,,,,,
,,,,,,,,,,,,,,,,,,,,,,,,,,,,,,,,,,,,,,,,,
,,,,,,,,,,,,,,,,,,,,,,,,,,,,,,,,,,,,,,,,,
,,,,,,,,,,,,,,,,,,,,,,,,,,,,,,,,,,,,,,,,,
,,,,,,,,,,,,,,,,,,,,,,,,,,,,,,,,,,,,,,,,,
,,,,,,,,,,,,,,,,,,,,,,,,,,,,,,,,,,,,,,,,,
,,,,,,,,,,,,,,,,,,,,,,,,,,,,,,,,,,,,,,,,,
,,,,,,,,,,,,,,,,,,,,,,,,,,,,,,,,,,,,,,,,,
,,,,,,,,,,,,,,,,,,,,,,,,,,,,,,,,,,,,,,,,,
,,,,,,,,,,,,,,,,,,,,,,,,,,,,,,,,,,,,,,,,,
,,,,,,,,,,,,,,,,,,,,,,,,,,,,,,,,,,,,,,,,,
,,,,,,,,,,,,,,,,,,,,,,,,,,,,,,,,,,,,,,,,,
,,,,,,,,,,,,,,,,,,,,,,,,,,,,,,,,,,,,,,,,,
,,,,,,,,,,,,,,,,,,,,,,,,,,,,,,,,,,,,,,,,,
,,,,,,,,,,,,,,,,,,,,,,,,,,,,,,,,,,,,,,,,,
,,,,,,,,,,,,,,,,,,,,,,,,,,,,,,,,,,,,,,,,,
,,,,,,,,,,,,,,,,,,,,,,,,,,,,,,,,,,,,,,,,,
,,,,,,,,,,,,,,,,,,,,,,,,,,,,,,,,,,,,,,,,,
,,,,,,,,,,,,,,,,,,,,,,,,,,,,,,,,,,,,,,,,,
,,,,,,,,,,,,,,,,,,,,,,,,,,,,,,,,,,,,,,,,,
,,,,,,,,,,,,,,,,,,,,,,,,,,,,,,,,,,,,,,,,,
,,,,,,,,,,,,,,,,,,,,,,,,,,,,,,,,,,,,,,,,,
,,,,,,,,,,,,,,,,,,,,,,,,,,,,,,,,,,,,,,,,,
,,,,,,,,,,,,,,,,,,,,,,,,,,,,,,,,,,,,,,,,,
